generated_at_utc,municipality,lat,lon,region,elevation_m,coastal,source_status,base_precip_24h_in,precip_probability_avg,precip_probability_max,base_temp_f,relative_humidity,wind_speed_mph,wind_dir_deg,periods_used,mrms_qpe_24h_in,mrms_status,nearby_gage_stage_ft,nearby_gage_flow_cfs,nearest_gage_miles,active_nws_alerts,month,hour,pw_in,dust_index,mrms_qpe_1h_in,mrms_qpe_3h_in,mrms_qpe_6h_in,soil_proxy_7d_in,predicted_bias_in,corrected_precip_24h_in,ensemble_spread_in,precip_p10_in,precip_p90_in,rf_p10_in,rf_p90_in,prob_ge_1in,prob_ge_2in,prob_ge_4in,month_sin,month_cos,hour_sin,hour_cos,base_heat_index_f,wind_u_proxy,wind_v_proxy,northness,westness,region_north_coast,region_south_coast,region_west,region_east,region_central_mountains,rain_risk,operational_risk_score,impact_level,heat_risk,quality_flag,data_completeness_pct,immersive_tower_height,uncertainty_band_in,confidence_score,action_priority,school_ops_signal,road_flood_signal,river_signal,heat_signal,ai_zone_label,immersive_version
2026-07-03T21:39:07+00:00,Juana Diaz,18.053,-66.506,south_coast,65,1,pop_proxy_no_qpf,0.043,4.5,20.0,83.9,66.3,10.4,86.2,24,0.0,ok,4.4,6.2,0.342052049080461,0,7,17,1.9,0.2,0.0,0.0,0.0,0.0,0.445656062161255,0.4886560621612549,0.4600322145078735,0.0,1.0227158735380228,0.102,1.6829999999999994,0.0,0.0,0.0,-0.4999999999999997,-0.8660254037844388,-0.9659258262890684,-0.2588190451025206,89.12252310058915,0.0662739004,0.99780146829205,-0.1469999999999984,0.206000000000003,0,1,0,0,0,bajo,7.575216683773805,bajo,bajo,pop_proxy_no_qpf,100.0,135.2,1.02,83.0,1,operación normal,sin señal crítica,sin señal crítica,sin señal crítica,south_coast / prioridad 1,0.6.0
2026-07-03T21:39:07+00:00,Ponce,18.011,-66.614,south_coast,15,1,pop_proxy_no_qpf,0.046,4.8,20.0,85.5,63.4,10.6,90.9,24,0.0,ok,2.26,3.11,2.30375830736528,0,7,17,1.9,0.2,0.0,0.0,0.0,0.0,0.388989159132864,0.434989159132864,0.4950884548473426,0.0,1.0214965402046896,0.0959999999999999,1.6793333333333331,0.0,0.0,0.0,-0.4999999999999997,-0.8660254037844388,-0.9659258262890684,-0.2588190451025206,91.34068859879994,-0.0157073173118207,0.9998766324816606,-0.189,0.3140000000000071,0,1,0,0,0,bajo,5.914880750461504,bajo,bajo,pop_proxy_no_qpf,100.0,124.8,1.02,82.0,1,operación normal,sin señal crítica,sin señal crítica,sin señal crítica,south_coast / prioridad 1,0.6.0
2026-07-03T21:39:07+00:00,San German,18.082,-67.044,west,88,0,pop_proxy_no_qpf,0.084,8.8,30.0,82.8,80.3,9.5,102.2,24,0.0,ok,2.65,19.2,2.613711534410094,0,7,17,1.9,0.2,0.0,0.0,0.0,0.0,0.6556912025396338,0.7396912025396337,0.3558989557916698,0.0426099940259476,1.182243291839136,0.1465,1.7839999999999998,0.2,0.0,0.0,-0.4999999999999997,-0.8660254037844388,-0.9659258262890684,-0.2588190451025206,90.88198991347598,-0.2113247964553886,0.977415894286096,-0.1179999999999985,0.7439999999999998,0,0,1,0,0,bajo,9.46160322793597,bajo,bajo,pop_proxy_no_qpf,100.0,166.0,1.14,83.0,1,operación normal,sin señal crítica,sin señal crítica,sin señal crítica,west / prioridad 1,0.6.0
2026-07-03T21:39:07+00:00,San Juan,18.465,-66.105,north_coast,8,1,pop_proxy_no_qpf,0.248,25.8,50.0,82.5,81.5,13.2,90.0,24,0.0,ok,2.71,2.19,3.4199108270836267,0,7,17,1.9,0.2,0.0,0.0,0.0,0.0,0.4428053691474515,0.6908053691474516,0.3782190931906219,0.0,1.2006825402046897,0.298,1.948,0.2,0.0,0.0,-0.4999999999999997,-0.8660254037844388,-0.9659258262890684,-0.2588190451025206,90.45889728812496,6.123233995736766e-17,1.0,0.2650000000000005,-0.1949999999999931,1,0,0,0,0,bajo,8.953859060621967,bajo,bajo,pop_proxy_no_qpf,100.0,159.7,1.2,82.0,1,operación normal,sin señal crítica,sin señal crítica,sin señal crítica,north_coast / prioridad 1,0.6.0
2026-07-03T21:39:07+00:00,Adjuntas,18.163,-66.723,central_mountains,494,0,pop_proxy_no_qpf,0.12,12.5,50.0,76.3,81.8,5.4,112.5,24,12.5,ok,4.06,40.8,5.610425642234086,0,7,17,1.9,0.2,0.0,0.0,0.0,0.0,0.569870082286732,0.689870082286732,0.6200990420965261,0.0,1.306596302109451,0.3199999999999999,1.9875,0.2,0.0,0.0,-0.4999999999999997,-0.8660254037844388,-0.9659258262890684,-0.2588190451025206,76.3,-0.3826834323650897,0.9238795325112868,-0.036999999999999,0.4230000000000018,0,0,0,0,1,bajo,24.529199413772535,vigilancia,bajo,pop_proxy_no_qpf;mrms_forecast_gap,100.0,243.6,1.31,77.0,3,preparar comunicación preventiva,sin señal crítica,sin señal crítica,sin señal crítica,central_mountains / prioridad 3,0.6.0
2026-07-03T21:39:07+00:00,Aguada,18.379,-67.188,west,18,1,pop_proxy_no_qpf,0.178,18.6,80.0,82.3,82.1,6.8,78.8,24,27.3,ok,15.7,-999999.0,2.639938549879876,0,7,17,1.9,0.2,0.0,0.0,0.0,0.0,0.6141905388968343,0.7921905388968342,0.333709352720454,0.1365140069380808,1.21416073068088,0.2472499999999999,1.878,0.2,0.0,0.0,-0.4999999999999997,-0.8660254037844388,-0.9659258262890684,-0.2588190451025206,90.10680222190896,0.1942343512199721,0.9809551553491916,0.179000000000002,0.8880000000000052,0,0,1,0,0,bajo,30.56409592786517,vigilancia,bajo,pop_proxy_no_qpf;mrms_forecast_gap,100.0,255.3,1.08,84.0,3,preparar comunicación preventiva,sin señal crítica,vigilar ríos/quebradas,sin señal crítica,west / prioridad 3,0.6.0
2026-07-03T21:39:07+00:00,Aguadilla,18.427,-67.154,west,30,1,pop_proxy_no_qpf,0.167,17.4,90.0,82.9,76.4,8.0,81.6,24,12.4,ok,1.3,5.77,1.884654455280456,0,7,17,1.9,0.2,0.0,0.0,0.0,0.0,0.5940538032301951,0.7610538032301951,0.3252790992528638,0.1123122078757867,1.1800149211570703,0.23625,1.8069999999999995,0.0,0.0,0.0,-0.4999999999999997,-0.8660254037844388,-0.9659258262890684,-0.2588190451025206,89.96665851607617,0.1460830285624116,0.9892723329629884,0.2270000000000003,0.8539999999999992,0,0,1,0,0,bajo,23.021591835532146,vigilancia,bajo,pop_proxy_no_qpf;mrms_forecast_gap,100.0,220.3,1.07,85.0,3,preparar comunicación preventiva,sin señal crítica,sin señal crítica,sin señal crítica,west / prioridad 3,0.6.0
2026-07-03T21:39:07+00:00,Aguas Buenas,18.256,-66.103,central_mountains,259,0,pop_proxy_no_qpf,0.192,20.0,50.0,80.0,80.8,9.1,112.5,24,0.0,ok,4.12,1.08,3.8554236802321102,0,7,17,1.9,0.2,0.0,0.0,0.0,0.0,0.510111649464166,0.7021116494641659,0.5731645518949914,0.0,1.3041547782999274,0.26125,2.0595,0.2,0.0,0.0,-0.4999999999999997,-0.8660254037844388,-0.9659258262890684,-0.2588190451025206,84.33838497120016,-0.3826834323650897,0.9238795325112868,0.0560000000000009,-0.1970000000000027,0,0,0,0,1,bajo,10.710015521398525,bajo,bajo,pop_proxy_no_qpf,100.0,185.7,1.3,78.0,1,operación normal,sin señal crítica,sin señal crítica,sin señal crítica,central_mountains / prioridad 1,0.6.0
2026-07-03T21:39:07+00:00,Aibonito,18.139,-66.266,central_mountains,720,0,pop_proxy_no_qpf,0.116,12.1,40.0,75.9,81.3,9.2,88.1,24,0.0,ok,9.94,0.0,2.8358838192238074,0,7,17,1.9,0.2,0.0,0.0,0.0,0.0,0.5970249269625414,0.7130249269625414,0.4728648284098958,0.0,1.2671381116332605,0.2635,1.9920714285714287,0.2,0.0,0.0,-0.4999999999999997,-0.8660254037844388,-0.9659258262890684,-0.2588190451025206,75.9,0.0331551783885264,0.9994502159417572,-0.0609999999999999,-0.0339999999999918,0,0,0,0,1,bajo,13.754467100178507,bajo,bajo,pop_proxy_no_qpf,100.0,190.3,1.27,80.0,1,operación normal,sin señal crítica,vigilar ríos/quebradas,sin señal crítica,central_mountains / prioridad 1,0.6.0
2026-07-03T21:39:07+00:00,Anasco,18.282,-67.14,west,20,1,pop_proxy_no_qpf,0.172,17.9,70.0,82.2,82.9,4.6,102.2,24,14.7,ok,2.77,272.0,5.843419692148941,0,7,17,1.9,0.2,0.0,0.0,0.0,0.0,0.5883340759187259,0.7603340759187258,0.4289027537395142,0.0,1.2366593973475466,0.269,1.872,0.2,0.0,0.0,-0.4999999999999997,-0.8660254037844388,-0.9659258262890684,-0.2588190451025206,90.06532517762385,-0.2113247964553886,0.977415894286096,0.0820000000000007,0.8400000000000034,0,0,1,0,0,bajo,23.748674835105984,vigilancia,bajo,pop_proxy_no_qpf;mrms_forecast_gap,100.0,232.4,1.24,81.0,3,preparar comunicación preventiva,sin señal crítica,sin señal crítica,sin señal crítica,west / prioridad 3,0.6.0
2026-07-03T21:39:07+00:00,Arecibo,18.472,-66.716,north_coast,10,1,pop_proxy_no_qpf,0.121,12.6,70.0,82.5,81.8,13.3,92.8,24,0.5,ok,3.43,59.8,4.001651514248563,0,7,17,1.9,0.2,0.0,0.0,0.0,0.0,0.4760062817907484,0.5970062817907484,0.3859569980970005,0.0,1.1048927306808798,0.1709999999999999,1.821,0.0,0.0,0.0,-0.4999999999999997,-0.8660254037844388,-0.9659258262890684,-0.2588190451025206,90.54591988119978,-0.0488497697956132,0.998806137341434,0.272000000000002,0.4159999999999968,1,0,0,0,0,bajo,10.282069099698234,bajo,bajo,pop_proxy_no_qpf,100.0,153.5,1.1,83.0,1,operación normal,sin señal crítica,sin señal crítica,sin señal crítica,north_coast / prioridad 1,0.6.0
2026-07-03T21:39:07+00:00,Arroyo,17.965,-66.061,south_coast,16,1,pop_proxy_no_qpf,0.281,29.2,60.0,82.5,74.9,12.2,84.4,24,0.2,ok,2.58,19.7,2.900256810967151,0,7,17,1.9,0.2,0.0,0.0,0.0,0.0,0.5094647079955656,0.7904647079955657,0.3752030584635861,0.0576563356783593,1.2723500640142131,0.381,1.981,0.2,0.0,0.0,-0.4999999999999997,-0.8660254037844388,-0.9659258262890684,-0.2588190451025206,88.635300015925,0.0975828997591494,0.9952273999818312,-0.2349999999999994,-0.2389999999999901,0,1,0,0,0,bajo,10.785111787951225,bajo,bajo,pop_proxy_no_qpf,100.0,179.7,1.21,82.0,1,operación normal,sin señal crítica,sin señal crítica,sin señal crítica,south_coast / prioridad 1,0.6.0
2026-07-03T21:39:07+00:00,Barceloneta,18.45,-66.538,north_coast,15,1,pop_proxy_no_qpf,0.102,10.6,60.0,82.2,81.7,12.5,95.6,24,0.0,,10.5,128.0,4.409656937147905,0,7,17,1.9,0.2,0.0,0.0,0.0,0.0,0.467675549447182,0.569675549447182,0.4062279715231338,0.0,1.089720064014213,0.1644999999999999,1.802,0.0,0.0,0.0,-0.4999999999999997,-0.8660254037844388,-0.9659258262890684,-0.2588190451025206,89.73717685365592,-0.0975828997591493,0.9952273999818312,0.25,0.2379999999999995,1,0,0,0,0,bajo,11.516431043919004,bajo,bajo,pop_proxy_no_qpf,98.30508474576273,156.7,1.09,83.0,1,operación normal,sin señal crítica,vigilar ríos/quebradas,sin señal crítica,north_coast / prioridad 1,0.6.0
2026-07-03T21:39:07+00:00,Barranquitas,18.186,-66.306,central_mountains,640,0,pop_proxy_no_qpf,0.108,11.2,50.0,76.0,85.7,8.2,95.6,24,0.0,,2.88,1.98,1.704974908596948,0,7,17,1.9,0.2,0.0,0.0,0.0,0.0,0.5933405630906846,0.7013405630906846,0.5080956070232263,0.0,1.277572778299927,0.267,2.0051428571428564,0.2,0.0,0.0,-0.4999999999999997,-0.8660254037844388,-0.9659258262890684,-0.2588190451025206,76.0,-0.0975828997591493,0.9952273999818312,-0.0139999999999993,0.0060000000000002,0,0,0,0,1,bajo,10.080515737277237,bajo,bajo,pop_proxy_no_qpf,98.30508474576273,177.2,1.28,79.0,1,operación normal,sin señal crítica,sin señal crítica,sin señal crítica,central_mountains / prioridad 1,0.6.0
2026-07-03T21:39:07+00:00,Bayamon,18.399,-66.156,north_coast,16,0,pop_proxy_no_qpf,0.192,20.0,60.0,84.0,79.4,11.5,98.4,24,0.0,,1.04,2.19,2.556044843176664,0,7,17,1.9,0.2,0.0,0.0,0.0,0.0,0.387678704881948,0.5796787048819481,0.5175811151074204,0.0,1.176365587823737,0.2545,1.825333333333333,0.2,0.0,0.0,-0.4999999999999997,-0.8660254037844388,-0.9659258262890684,-0.2588190451025206,93.75474693520007,-0.1460830285624117,0.9892723329629884,0.1990000000000016,-0.1439999999999912,1,0,0,0,0,bajo,6.896465753701429,bajo,bajo,pop_proxy_no_qpf,98.30508474576273,149.5,1.18,80.0,1,operación normal,sin señal crítica,sin señal crítica,sin señal crítica,north_coast / prioridad 1,0.6.0
2026-07-03T21:39:07+00:00,Cabo Rojo,18.086,-67.145,west,10,1,pop_proxy_no_qpf,0.084,8.8,30.0,82.2,83.6,9.7,99.4,24,0.0,,1.53,6.14,3.3695446312057347,0,7,17,1.9,0.2,0.0,0.0,0.0,0.0,0.6424930504158202,0.7264930504158201,0.3038306424737025,0.080440119383761,1.1947993851858727,0.14625,1.7839999999999998,0.0,0.0,0.0,-0.4999999999999997,-0.8660254037844388,-0.9659258262890684,-0.2588190451025206,90.25919026806407,-0.1633259622416224,0.9865721616069694,-0.1140000000000007,0.8449999999999989,0,0,1,0,0,bajo,8.756423554574022,bajo,bajo,pop_proxy_no_qpf,98.30508474576273,156.8,1.11,85.0,1,operación normal,sin señal crítica,sin señal crítica,sin señal crítica,west / prioridad 1,0.6.0
